solver_key,solver,coupling_range,jacobian_density,solve_time_ms
modax rodas5P fp32 (sparse),modax rodas5P fp32 (sparse),1,0.0390625,5.605692975223064
modax rodas5P fp32 (sparse),modax rodas5P fp32 (sparse),2,0.0546875,6.300691980868578
modax rodas5P fp32 (sparse),modax rodas5P fp32 (sparse),3,0.0703125,7.306218962185085
modax rodas5P fp32 (sparse),modax rodas5P fp32 (sparse),4,0.0859375,7.233278942294419
modax rodas5P fp32 (sparse),modax rodas5P fp32 (sparse),6,0.1171875,8.415585034526885
modax rodas5P fp32 (sparse),modax rodas5P fp32 (sparse),8,0.1484375,9.380953037180007
modax rodas5P fp32 (sparse),modax rodas5P fp32 (sparse),12,0.2109375,18.33227905444801
modax rodas5P fp32 (sparse),modax rodas5P fp32 (sparse),16,0.265625,23.670702008530498
modax rodas5P fp32 (dense),modax rodas5P fp32 (dense),1,0.0390625,382.9803040716797
modax rodas5P fp32 (dense),modax rodas5P fp32 (dense),2,0.0546875,384.56178503111005
modax rodas5P fp32 (dense),modax rodas5P fp32 (dense),3,0.0703125,384.7268670797348
modax rodas5P fp32 (dense),modax rodas5P fp32 (dense),4,0.0859375,382.5524599524215
modax rodas5P fp32 (dense),modax rodas5P fp32 (dense),6,0.1171875,380.71872701402754
modax rodas5P fp32 (dense),modax rodas5P fp32 (dense),8,0.1484375,383.4583340212703
modax rodas5P fp32 (dense),modax rodas5P fp32 (dense),12,0.2109375,380.5668100249022
modax rodas5P fp32 (dense),modax rodas5P fp32 (dense),16,0.265625,381.49049400817603
diffrax kvaerno5,diffrax kvaerno5,1,0.0390625,491.79655802436173
diffrax kvaerno5,diffrax kvaerno5,2,0.0546875,562.4831080203876
diffrax kvaerno5,diffrax kvaerno5,3,0.0703125,632.2254369733855
diffrax kvaerno5,diffrax kvaerno5,4,0.0859375,692.7564119687304
diffrax kvaerno5,diffrax kvaerno5,6,0.1171875,830.8638219023123
diffrax kvaerno5,diffrax kvaerno5,8,0.1484375,515.3276339406148
diffrax kvaerno5,diffrax kvaerno5,12,0.2109375,394.38914693892
diffrax kvaerno5,diffrax kvaerno5,16,0.265625,397.78629899956286
julia rodas5P EnsembleGPUArray,julia rodas5P EnsembleGPUArray,1,0.0390625,521.560488
julia rodas5P EnsembleGPUArray,julia rodas5P EnsembleGPUArray,2,0.0546875,531.500344
julia rodas5P EnsembleGPUArray,julia rodas5P EnsembleGPUArray,3,0.0703125,532.0543319999999
julia rodas5P EnsembleGPUArray,julia rodas5P EnsembleGPUArray,4,0.0859375,536.7335899999999
julia rodas5P EnsembleGPUArray,julia rodas5P EnsembleGPUArray,6,0.1171875,553.259362
julia rodas5P EnsembleGPUArray,julia rodas5P EnsembleGPUArray,8,0.1484375,558.613919
julia rodas5P EnsembleGPUArray,julia rodas5P EnsembleGPUArray,12,0.2109375,583.602482
julia rodas5P EnsembleGPUArray,julia rodas5P EnsembleGPUArray,16,0.265625,600.534722
julia rodas5P EnsembleGPUKernel,julia rodas5P EnsembleGPUKernel,1,0.0390625,
julia rodas5P EnsembleGPUKernel,julia rodas5P EnsembleGPUKernel,2,0.0546875,
julia rodas5P EnsembleGPUKernel,julia rodas5P EnsembleGPUKernel,3,0.0703125,
julia rodas5P EnsembleGPUKernel,julia rodas5P EnsembleGPUKernel,4,0.0859375,
julia rodas5P EnsembleGPUKernel,julia rodas5P EnsembleGPUKernel,6,0.1171875,
julia rodas5P EnsembleGPUKernel,julia rodas5P EnsembleGPUKernel,8,0.1484375,
julia rodas5P EnsembleGPUKernel,julia rodas5P EnsembleGPUKernel,12,0.2109375,
julia rodas5P EnsembleGPUKernel,julia rodas5P EnsembleGPUKernel,16,0.265625,
