gpu,solver_key,solver,divergence,dim,ensemble_size,solve_time_ms,mean_steps,step_std,step_cv,normalized_solve_time_ms_per_step,step_variance,min_steps,max_steps,rejected_steps_mean
NVIDIA GeForce RTX 4070 SUPER,modax tsit5,modax tsit5,0.0,3,100000,93.9888081047684,722.0,0.0,0.0,0.13017840457724156,0.0,722,722,104.0
NVIDIA GeForce RTX 4070 SUPER,modax tsit5,modax tsit5,0.1,3,100000,84.78365186601877,699.81274,17.63138344966791,0.02519443051246525,0.12115191253308531,310.8656823492235,664,735,102.78706
NVIDIA GeForce RTX 4070 SUPER,modax tsit5,modax tsit5,0.2,3,100000,84.68154398724437,668.319,35.92179899109213,0.05374948039946812,0.1267082695348245,1290.3756427564276,590,735,96.46903
NVIDIA GeForce RTX 4070 SUPER,modax tsit5,modax tsit5,0.3,3,100000,84.39448196440935,637.3984,53.71803676340692,0.08427701852311979,0.13240460277968905,2885.6274737147373,536,735,90.67598
NVIDIA GeForce RTX 4070 SUPER,modax tsit5,modax tsit5,0.4,3,100000,84.2962630558759,606.7473,71.1390447668993,0.1172465782161689,0.13893141849312868,5060.763690346904,470,735,85.42425
NVIDIA GeForce RTX 4070 SUPER,modax tsit5,modax tsit5,0.5,3,100000,84.56921321339905,576.19952,88.50521523334562,0.15360168164205626,0.1467707109742109,7833.173123500835,427,735,80.38524
NVIDIA GeForce RTX 4070 SUPER,modax tsit5,modax tsit5,0.6,3,100000,84.19963205233216,545.05265,106.98492536670788,0.1962836532703912,0.15447981411031056,11445.774255720056,342,735,75.19692
NVIDIA GeForce RTX 4070 SUPER,modax tsit5,modax tsit5,0.7,3,100000,84.3522921204567,513.52042,125.73590409345844,0.24485083590922918,0.1642627806708382,15809.51757819938,291,735,69.95537
NVIDIA GeForce RTX 4070 SUPER,modax tsit5,modax tsit5,0.8,3,100000,83.85723293758929,481.45288,145.11317458466678,0.30140680555211713,0.17417536880782453,21057.833438039983,218,734,64.73072
NVIDIA GeForce RTX 4070 SUPER,modax tsit5,modax tsit5,0.9,3,100000,83.64442293532193,448.76829,165.1670288585168,0.3680452307771496,0.18638666055331568,27280.147421950118,150,735,59.54209
NVIDIA GeForce RTX 4070 SUPER,modax tsit5,modax tsit5,1.0,3,100000,83.66950298659503,414.56557,187.45975208604546,0.45218360050026696,0.20182453402146985,35141.15865216162,35,734,54.40924
NVIDIA GeForce RTX 4070 SUPER,modax tsit5 (sorted),modax tsit5 (sorted),0.0,3,100000,91.34791186079383,722.0,0.0,0.0,0.12652065354680586,0.0,722,722,104.0
NVIDIA GeForce RTX 4070 SUPER,modax tsit5 (sorted),modax tsit5 (sorted),0.1,3,100000,80.63949714414775,699.81274,17.63138344966791,0.02519443051246525,0.11523010733435313,310.8656823492235,664,735,102.78706
NVIDIA GeForce RTX 4070 SUPER,modax tsit5 (sorted),modax tsit5 (sorted),0.2,3,100000,77.33880006708205,668.319,35.92179899109213,0.05374948039946812,0.1157213846487711,1290.3756427564276,590,735,96.46903
NVIDIA GeForce RTX 4070 SUPER,modax tsit5 (sorted),modax tsit5 (sorted),0.3,3,100000,73.65181599743664,637.3984,53.71803676340692,0.08427701852311979,0.11555067599390999,2885.6274737147373,536,735,90.67598
NVIDIA GeForce RTX 4070 SUPER,modax tsit5 (sorted),modax tsit5 (sorted),0.4,3,100000,70.37670095451176,606.7473,71.1390447668993,0.1172465782161689,0.1159901345329625,5060.763690346904,470,735,85.42425
NVIDIA GeForce RTX 4070 SUPER,modax tsit5 (sorted),modax tsit5 (sorted),0.5,3,100000,66.58843718469143,576.19952,88.50521523334562,0.15360168164205626,0.11556489527219917,7833.173123500835,427,735,80.38524
NVIDIA GeForce RTX 4070 SUPER,modax tsit5 (sorted),modax tsit5 (sorted),0.6,3,100000,63.47507098689675,545.05265,106.98492536670788,0.1962836532703912,0.116456769794435,11445.774255720056,342,735,75.19692
NVIDIA GeForce RTX 4070 SUPER,modax tsit5 (sorted),modax tsit5 (sorted),0.7,3,100000,59.85732516273856,513.52042,125.73590409345846,0.2448508359092292,0.11656269708366918,15809.517578199382,291,735,69.95537
NVIDIA GeForce RTX 4070 SUPER,modax tsit5 (sorted),modax tsit5 (sorted),0.8,3,100000,55.89714180678129,481.45288,145.11317458466678,0.30140680555211713,0.11610096050683359,21057.833438039983,218,734,64.73072
NVIDIA GeForce RTX 4070 SUPER,modax tsit5 (sorted),modax tsit5 (sorted),0.9,3,100000,52.09215683862567,448.76829,165.1670288585168,0.3680452307771496,0.11607806968408056,27280.147421950118,150,735,59.54209
NVIDIA GeForce RTX 4070 SUPER,modax tsit5 (sorted),modax tsit5 (sorted),1.0,3,100000,48.19069313816726,414.56557,187.45975208604546,0.45218360050026696,0.11624383843107682,35141.15865216162,35,734,54.40924
NVIDIA GeForce RTX 4070 SUPER,diffrax tsit5,diffrax tsit5,0.0,3,100000,452.0437999162823,722.0,0.0,0.0,0.626099445867427,0.0,722,722,104.0
NVIDIA GeForce RTX 4070 SUPER,diffrax tsit5,diffrax tsit5,0.1,3,100000,462.8972711507231,699.81274,17.63138344966791,0.02519443051246525,0.6614587655988131,310.8656823492235,664,735,102.78706
NVIDIA GeForce RTX 4070 SUPER,diffrax tsit5,diffrax tsit5,0.2,3,100000,472.1774279605597,668.319,35.92179899109213,0.05374948039946812,0.706515044403286,1290.3756427564276,590,735,96.46903
NVIDIA GeForce RTX 4070 SUPER,diffrax tsit5,diffrax tsit5,0.3,3,100000,476.9927349407226,637.3984,53.71803676340692,0.08427701852311979,0.7483431633037085,2885.6274737147373,536,735,90.67598
NVIDIA GeForce RTX 4070 SUPER,diffrax tsit5,diffrax tsit5,0.4,3,100000,486.34881991893053,606.7473,71.1390447668993,0.1172465782161689,0.8015673409983539,5060.763690346904,470,735,85.42425
NVIDIA GeForce RTX 4070 SUPER,diffrax tsit5,diffrax tsit5,0.5,3,100000,492.51716397702694,576.19952,88.50521523334562,0.15360168164205626,0.8547684385037789,7833.173123500835,427,735,80.38524
NVIDIA GeForce RTX 4070 SUPER,diffrax tsit5,diffrax tsit5,0.6,3,100000,501.5667809639126,545.05265,106.98492536670788,0.1962836532703912,0.9202171220778628,11445.774255720056,342,735,75.19692
NVIDIA GeForce RTX 4070 SUPER,diffrax tsit5,diffrax tsit5,0.7,3,100000,508.4868830163032,513.52042,125.73590409345844,0.24485083590922918,0.9901979808637469,15809.51757819938,291,735,69.95537
NVIDIA GeForce RTX 4070 SUPER,diffrax tsit5,diffrax tsit5,0.8,3,100000,518.5882069636136,481.45288,145.11317458466678,0.30140680555211713,1.0771317994060263,21057.833438039983,218,734,64.73072
NVIDIA GeForce RTX 4070 SUPER,diffrax tsit5,diffrax tsit5,0.9,3,100000,527.5973828975111,448.76829,165.1670288585168,0.3680452307771496,1.175656557412983,27280.147421950118,150,735,59.54209
NVIDIA GeForce RTX 4070 SUPER,diffrax tsit5,diffrax tsit5,1.0,3,100000,539.7340708877891,414.56557,187.45975208604546,0.45218360050026696,1.3019269084207576,35141.15865216162,35,734,54.40924
NVIDIA GeForce RTX 4070 SUPER,torchdiffeq dopri8,torchdiffeq dopri8,0.0,3,100000,727.1064709639177,722.0,0.0,0.0,1.0070726744652598,0.0,722,722,104.0
NVIDIA GeForce RTX 4070 SUPER,torchdiffeq dopri8,torchdiffeq dopri8,0.1,3,100000,678.2316899625584,699.81274,17.63138344966791,0.02519443051246525,0.9691616788264793,310.8656823492235,664,735,102.78706
NVIDIA GeForce RTX 4070 SUPER,torchdiffeq dopri8,torchdiffeq dopri8,0.2,3,100000,661.8848339421675,668.319,35.92179899109213,0.05374948039946812,0.9903726123934341,1290.3756427564276,590,735,96.46903
NVIDIA GeForce RTX 4070 SUPER,torchdiffeq dopri8,torchdiffeq dopri8,0.3,3,100000,650.5342139862478,637.3984,53.71803676340692,0.08427701852311979,1.0206084828362414,2885.6274737147373,536,735,90.67598
NVIDIA GeForce RTX 4070 SUPER,torchdiffeq dopri8,torchdiffeq dopri8,0.4,3,100000,638.1855770014226,606.7473,71.1390447668993,0.1172465782161689,1.0518144489500367,5060.763690346904,470,735,85.42425
NVIDIA GeForce RTX 4070 SUPER,torchdiffeq dopri8,torchdiffeq dopri8,0.5,3,100000,631.1622250359505,576.19952,88.50521523334562,0.15360168164205626,1.0953883214549547,7833.173123500835,427,735,80.38524
NVIDIA GeForce RTX 4070 SUPER,torchdiffeq dopri8,torchdiffeq dopri8,0.6,3,100000,623.446844983846,545.05265,106.98492536670788,0.1962836532703912,1.1438286649626344,11445.774255720056,342,735,75.19692
NVIDIA GeForce RTX 4070 SUPER,torchdiffeq dopri8,torchdiffeq dopri8,0.7,3,100000,618.9649970037863,513.52042,125.73590409345844,0.24485083590922918,1.2053366777581822,15809.51757819938,291,735,69.95537
NVIDIA GeForce RTX 4070 SUPER,torchdiffeq dopri8,torchdiffeq dopri8,0.8,3,100000,615.3624569997191,481.45288,145.11317458466678,0.30140680555211713,1.278136412850452,21057.833438039983,218,734,64.73072
NVIDIA GeForce RTX 4070 SUPER,torchdiffeq dopri8,torchdiffeq dopri8,0.9,3,100000,611.1965280724689,448.76829,165.1670288585168,0.3680452307771496,1.3619423245623459,27280.147421950118,150,735,59.54209
NVIDIA GeForce RTX 4070 SUPER,torchdiffeq dopri8,torchdiffeq dopri8,1.0,3,100000,607.4294479331002,414.56557,187.45975208604546,0.45218360050026696,1.4652192364481695,35141.15865216162,35,734,54.40924
NVIDIA GeForce RTX 4070 SUPER,julia tsit5 EnsembleGPUArray,julia tsit5 EnsembleGPUArray,0.0,3,100000,30197.296324,722.0,0.0,0.0,41.82451014404432,0.0,722,722,104.0
NVIDIA GeForce RTX 4070 SUPER,julia tsit5 EnsembleGPUArray,julia tsit5 EnsembleGPUArray,0.1,3,100000,29038.126618,699.81274,17.63138344966791,0.02519443051246525,41.49413830048307,310.8656823492235,664,735,102.78706
NVIDIA GeForce RTX 4070 SUPER,julia tsit5 EnsembleGPUArray,julia tsit5 EnsembleGPUArray,0.2,3,100000,28611.363819000002,668.319,35.92179899109213,0.05374948039946812,42.81093881664295,1290.3756427564276,590,735,96.46903
NVIDIA GeForce RTX 4070 SUPER,julia tsit5 EnsembleGPUArray,julia tsit5 EnsembleGPUArray,0.3,3,100000,27251.390525000003,637.3984,53.71803676340692,0.08427701852311979,42.75409308369773,2885.6274737147373,536,735,90.67598
NVIDIA GeForce RTX 4070 SUPER,julia tsit5 EnsembleGPUArray,julia tsit5 EnsembleGPUArray,0.4,3,100000,28899.488206,606.7473,71.1390447668993,0.1172465782161689,47.630188393092155,5060.763690346904,470,735,85.42425
NVIDIA GeForce RTX 4070 SUPER,julia tsit5 EnsembleGPUArray,julia tsit5 EnsembleGPUArray,0.5,3,100000,27571.406855999998,576.19952,88.50521523334562,0.15360168164205626,47.85045092713718,7833.173123500835,427,735,80.38524
NVIDIA GeForce RTX 4070 SUPER,julia tsit5 EnsembleGPUArray,julia tsit5 EnsembleGPUArray,0.6,3,100000,28603.807066,545.05265,106.98492536670788,0.1962836532703912,52.47897990405148,11445.774255720056,342,735,75.19692
NVIDIA GeForce RTX 4070 SUPER,julia tsit5 EnsembleGPUArray,julia tsit5 EnsembleGPUArray,0.7,3,100000,28919.842733999998,513.52042,125.73590409345844,0.24485083590922918,56.31683105026281,15809.51757819938,291,735,69.95537
NVIDIA GeForce RTX 4070 SUPER,julia tsit5 EnsembleGPUArray,julia tsit5 EnsembleGPUArray,0.8,3,100000,28191.069086,481.45288,145.11317458466678,0.30140680555211713,58.554160245131364,21057.833438039983,218,734,64.73072
NVIDIA GeForce RTX 4070 SUPER,julia tsit5 EnsembleGPUArray,julia tsit5 EnsembleGPUArray,0.9,3,100000,28355.895298,448.76829,165.1670288585168,0.3680452307771496,63.186049303973775,27280.147421950118,150,735,59.54209
NVIDIA GeForce RTX 4070 SUPER,julia tsit5 EnsembleGPUArray,julia tsit5 EnsembleGPUArray,1.0,3,100000,27803.427532,414.56557,187.45975208604546,0.45218360050026696,67.066417338999,35141.15865216162,35,734,54.40924
NVIDIA GeForce RTX 4070 SUPER,julia tsit5 EnsembleGPUKernel,julia tsit5 EnsembleGPUKernel,0.0,3,100000,338.952785,722.0,0.0,0.0,0.4694636911357341,0.0,722,722,104.0
NVIDIA GeForce RTX 4070 SUPER,julia tsit5 EnsembleGPUKernel,julia tsit5 EnsembleGPUKernel,0.1,3,100000,1431.733054,699.81274,17.63138344966791,0.02519443051246525,2.045880236475832,310.8656823492235,664,735,102.78706
NVIDIA GeForce RTX 4070 SUPER,julia tsit5 EnsembleGPUKernel,julia tsit5 EnsembleGPUKernel,0.2,3,100000,1583.3844829999998,668.319,35.92179899109213,0.05374948039946812,2.369204650773059,1290.3756427564276,590,735,96.46903
NVIDIA GeForce RTX 4070 SUPER,julia tsit5 EnsembleGPUKernel,julia tsit5 EnsembleGPUKernel,0.3,3,100000,1541.674834,637.3984,53.71803676340692,0.08427701852311979,2.4186989393133085,2885.6274737147373,536,735,90.67598
NVIDIA GeForce RTX 4070 SUPER,julia tsit5 EnsembleGPUKernel,julia tsit5 EnsembleGPUKernel,0.4,3,100000,1542.702172,606.7473,71.1390447668993,0.1172465782161689,2.5425777288172524,5060.763690346904,470,735,85.42425
NVIDIA GeForce RTX 4070 SUPER,julia tsit5 EnsembleGPUKernel,julia tsit5 EnsembleGPUKernel,0.5,3,100000,1507.702857,576.19952,88.50521523334562,0.15360168164205626,2.616633309586929,7833.173123500835,427,735,80.38524
NVIDIA GeForce RTX 4070 SUPER,julia tsit5 EnsembleGPUKernel,julia tsit5 EnsembleGPUKernel,0.6,3,100000,1487.664496,545.05265,106.98492536670788,0.1962836532703912,2.729395951015008,11445.774255720056,342,735,75.19692
NVIDIA GeForce RTX 4070 SUPER,julia tsit5 EnsembleGPUKernel,julia tsit5 EnsembleGPUKernel,0.7,3,100000,1433.3487480000001,513.52042,125.73590409345844,0.24485083590922918,2.791220547763223,15809.51757819938,291,735,69.95537
NVIDIA GeForce RTX 4070 SUPER,julia tsit5 EnsembleGPUKernel,julia tsit5 EnsembleGPUKernel,0.8,3,100000,1358.110521,481.45288,145.11317458466678,0.30140680555211713,2.820858649760284,21057.833438039983,218,734,64.73072
NVIDIA GeForce RTX 4070 SUPER,julia tsit5 EnsembleGPUKernel,julia tsit5 EnsembleGPUKernel,0.9,3,100000,1277.1821189999998,448.76829,165.1670288585168,0.3680452307771496,2.8459722922936463,27280.147421950118,150,735,59.54209
NVIDIA GeForce RTX 4070 SUPER,julia tsit5 EnsembleGPUKernel,julia tsit5 EnsembleGPUKernel,1.0,3,100000,1206.98311,414.56557,187.45975208604546,0.45218360050026696,2.911440788486125,35141.15865216162,35,734,54.40924
NVIDIA GeForce RTX 4070 SUPER,julia tsit5 EnsembleGPUKernel (sorted),julia tsit5 EnsembleGPUKernel (sorted),0.0,3,100000,338.503905,722.0,0.0,0.0,0.4688419736842105,0.0,722,722,104.0
NVIDIA GeForce RTX 4070 SUPER,julia tsit5 EnsembleGPUKernel (sorted),julia tsit5 EnsembleGPUKernel (sorted),0.1,3,100000,868.787273,699.81274,17.63138344966791,0.02519443051246525,1.2414567831388723,310.8656823492235,664,735,102.78706
NVIDIA GeForce RTX 4070 SUPER,julia tsit5 EnsembleGPUKernel (sorted),julia tsit5 EnsembleGPUKernel (sorted),0.2,3,100000,879.0998089999999,668.319,35.92179899109213,0.05374948039946812,1.315389520573259,1290.3756427564276,590,735,96.46903
NVIDIA GeForce RTX 4070 SUPER,julia tsit5 EnsembleGPUKernel (sorted),julia tsit5 EnsembleGPUKernel (sorted),0.3,3,100000,812.342941,637.3984,53.71803676340692,0.08427701852311979,1.274466551845753,2885.6274737147373,536,735,90.67598
NVIDIA GeForce RTX 4070 SUPER,julia tsit5 EnsembleGPUKernel (sorted),julia tsit5 EnsembleGPUKernel (sorted),0.4,3,100000,833.05942,606.7473,71.1390447668993,0.1172465782161689,1.3729923808478424,5060.763690346904,470,735,85.42425
NVIDIA GeForce RTX 4070 SUPER,julia tsit5 EnsembleGPUKernel (sorted),julia tsit5 EnsembleGPUKernel (sorted),0.5,3,100000,797.958266,576.19952,88.50521523334562,0.15360168164205626,1.384864510126631,7833.173123500835,427,735,80.38524
NVIDIA GeForce RTX 4070 SUPER,julia tsit5 EnsembleGPUKernel (sorted),julia tsit5 EnsembleGPUKernel (sorted),0.6,3,100000,762.065264,545.05265,106.98492536670788,0.1962836532703912,1.3981498191046315,11445.774255720056,342,735,75.19692
NVIDIA GeForce RTX 4070 SUPER,julia tsit5 EnsembleGPUKernel (sorted),julia tsit5 EnsembleGPUKernel (sorted),0.7,3,100000,731.543347,513.52042,125.73590409345844,0.24485083590922918,1.4245652529260668,15809.51757819938,291,735,69.95537
NVIDIA GeForce RTX 4070 SUPER,julia tsit5 EnsembleGPUKernel (sorted),julia tsit5 EnsembleGPUKernel (sorted),0.8,3,100000,700.797563,481.45288,145.11317458466678,0.30140680555211713,1.45558909731727,21057.833438039983,218,734,64.73072
NVIDIA GeForce RTX 4070 SUPER,julia tsit5 EnsembleGPUKernel (sorted),julia tsit5 EnsembleGPUKernel (sorted),0.9,3,100000,683.1133649999999,448.76829,165.1670288585168,0.3680452307771496,1.5221961538325268,27280.147421950118,150,735,59.54209
NVIDIA GeForce RTX 4070 SUPER,julia tsit5 EnsembleGPUKernel (sorted),julia tsit5 EnsembleGPUKernel (sorted),1.0,3,100000,646.414865,414.56557,187.45975208604546,0.45218360050026696,1.559258442518514,35141.15865216162,35,734,54.40924
